geodeticdatum,reps
,9718046
not recorded (forced WGS84),3310733
not recorded,2457991
WGS84,2337467
North American Datum 1927,631937
NAD27,617014
World Geodetic System 1984,445826
unknown,440024
NAD83,215028
WGS 84,124497
AGD66,84164
North American Datum 1983,39629
PRP_M,27726
NAD 27,19162
Japanese Geodetic Datum 2000,9840
Ocotepeque 1935,8653
GDA94,8039
Fundamental de Ocotepeque,7463
WGS 1984,5647
WGS1984,5256
AGD84,3852
Provisional South American 1956,3034
World Geodetic System 1972,2808
Not recorded,2557
NAD1927,2069
Bogota Observatory,2054
Australian Geodetic 1966,1858
Geodetic Datum of Australia 1994,1551
Hu-Tzu-Shan,1442
GPS,1151
Australian Geodetic 1984,1019
Not Recorded,1011
NAD 83,959
"UTM NAD27, NAD83 Decimal Degrees",909
South American Datum 1969,899
"UTMG NAD27, Decimal Degrees NAD83",896
New (1960) Arc,739
Clarke 1858,468
Guam 1963,459
Kenya Colony,405
Kusaie Astro 1951,373
World Geodetic System 1966,339
Amersfoort,317
Corrego Alegre,245
WGS 1984 (WGS 84),236
Arc 1960,219
European 1950,211
Djakarta (Batavia),207
WGS72,201
WGS84/NAD83,182
Luzon,176
wgs84,174
GUX 1 Astro,141
Indian 1960,139
Australian Geodetic Datum 1966,122
Schwarzeck,103
NAD 1983,102
WGS,94
Reunion,90
NAD 1927,85
Ordnance Survey of Great Britain 1936,77
Lemuta,74
Indonesian 1974,73
New (1950) Arc,70
NAD83/WGS84,64
Unknown,63
WGS 163,54
Ireland 1965,52
Kertau 1948,49
Geocentric Datum of Australia 1994,48
18 43' 46.6 N 109 52' 34.2 E,47
Indian 1975,43
American Samoa 1962,43
Provisional La Conoa 1956 (Venezuela),42
NAD27BAH,40
"NAD27 UTM, NAD83 Decimal Degrees",36
Tokyo Datum,33
POS,31
NAD28,29
NAD - 1927,28
Viti Levu 1916,27
UNKNOWN,27
NAD1983,26
WGS 159,26
18 54' 20.2 N 109 40' 48.6 E,22
Montserrat Island Astro 1958,22
Ain el Abd 1970,20
Fort Thomas 1955,19
CAPE,18
19 06' 55.3 N 109 05' 52.5 E,18
UTM projection,18
Ocotepeque,17
WGS85,17
GRA,14
International 1924 ellipsoid,13
WGA84,13
18 42' 24.0 - 18 41' 14.1 N  109 52' 55.5 - 109 52' 45.8' E,11
UTM NAD27,10
18 42' 24.0 N 109 52' 55.5 E,10
(NAD27) North American 1927,10
NAD83/WGS128,9
1962 American Samoa,9
Indian 1954,8
NAD29,8
WGS83,8
WGS 102,8
18 44' 01.4 N 109 32' 54.0 E,8
WSG84,8
19 56' 15.4 N 110 14' 38.9 E,7
NWS84,6
NAD30,6
WGS86,6
WGS87,6
WGS 89,5
UTM,5
WGS 88,5
18 41' 14.1 N 109 52' 45.8 E,4
WGS48,4
WG84S,4
NAD,3
NAd27,3
3635.192,3
Antigua Island Astro 1943,3
Trib. To Na,3
NAD83/WGS100,3
NAD83/WGS94,3
Astronomic Station Ponape (1951),3
WGS84 (transferred from UTM),3
Wgs84,3
"NAD, WGS84",3
-84.845,2
2267.192,2
NAD34,2
NAD36,2
0.3 km,2
North American 1983,2
NAD32,2
18 43' 29.5 N 109 52' 07.4 E,2
NAd83,2
18 40' 27.6 N 109 36' 15.9 E,2
NAD33,2
WGS 1972,2
WGS88,2
NAD35,2
NAD31,2
WGS147,1
WGS209,1
WGS136,1
WGS234,1
WGS97,1
WGS205,1
NAD83?,1
WGS102,1
WGS114,1
WGS182,1
NAD40,1
WGS235,1
WGS213,1
WGS194,1
WGS112,1
ND83,1
WGS227,1
WGAS84,1
WFGS84,1
WGS145,1
WGS163,1
WGS183,1
WGS173,1
NAD83/WGS95,1
NAD83/WGS98,1
WGS216,1
WGS138,1
WGS158,1
WGS140,1
50,1
WGS170,1
WGS148,1
WGS184,1
WGS189,1
WGS186,1
WGS203,1
WGS151,1
NAD85,1
WGS121,1
WGS99,1
WGS220,1
WGS149,1
WGS228,1
WGS178,1
WGS168,1
NAD83?WGS84,1
WGS229,1
WGS93,1
Arc 1950,1
WGS210,1
WGS176,1
WGS190,1
Nad83,1
WGS143,1
WGS120,1
WGS239,1
WGS154,1
WGS129,1
WGS152,1
WGS124,1
WGS226,1
WGS237,1
WGS240,1
WGS204,1
WGS171,1
WGS139,1
WGS89,1
WGS105,1
WGS197,1
WGS215,1
NAD 1924,1
NAD41,1
preserved 3 May 1980,1
"NAD83/WGS84, ACME Mapper 2.1",1
WGS217,1
1,1
WGS84 (originally NAD83),1
WGS84 (originally UTM),1
Nad27,1
NAD27?,1
NAD83/WGS85,1
WGS181,1
WGS116,1
WGS191,1
WGS95,1
WGS150,1
WGS236,1
WGS157,1
WGS174,1
WGS118,1
WGS177,1
WGS90,1
WGS198,1
GEOLocate,1
UTM NAD83,1
18 40' 14.8 - 18 41' 14.1 N; 109 52' 58.3 - 109 52' 45.8 E,1
NAD83/WGS84w,1
NAD83/WGS86,1
NAD83/,1
WGS187,1
WGS233,1
WGS218,1
WGS98,1
WGS167,1
WGS223,1
WGS185,1
NAD83/WGS96,1
WGS164,1
WGS91,1
WGS106,1
WGS200,1
WGS135,1
WGS141,1
WGS128,1
Australian Geodetic Datum 1984,1
(WGS84) World Geodetic System 1984,1
-82.3798,1
European Datum 1950,1
NAD83/WGS97,1
WGS159,1
WGS195,1
WGS144,1
WGS127,1
WGS199,1
WGS155,1
WGS132,1
WGS238,1
WGS131,1
WGS94,1
WGS133,1
WGS166,1
WGS162,1
WGS179,1
WGS202,1
WGS96,1
WGS109,1
20 03 00.0  N 110 19 11.0 E,1
WGS92,1
WGS110,1
WGS225,1
WGS161,1
WGS169,1
WGS101,1
WGS165,1
WGS119,1
WGS208,1
WGS142,1
WGS153,1
WGS193,1
WGS125,1
WGD84,1
n./k,1
WGS156,1
WGS122,1
WGS201,1
WGS134,1
WGS108,1
WGS221,1
WGS115,1
WGS196,1
WGS123,1
WGS224,1
WGS146,1
WGS231,1
WGS230,1
WGS113,1
WGS207,1
18 50' 24.4 N 109 38' 45.7 E,1
WGS180,1
WGS111,1
WGS160,1
WGS100,1
WGS107,1
WGS222,1
WGS126,1
WGS211,1
WGS130,1
WGS117,1
WGS172,1
WGS192,1
WGS188,1
NAD37,1
NAD38,1
unknown-NAD83 assumed,1
WGS206,1
WGS212,1
WGS232,1
WGS219,1
WGS137,1
WGS214,1
none indicated,1
NAD39,1
Cape,1
WGs84,1
WGS104,1
WGS103,1
WGS175,1
